1163.1498789150821,486.7602982629493,0
194.9513226226975,136.10393937526794,0
135.7162967337719,195.86505285954297,0
221.9265032088304,174.59177358062905,0
210.1773310421368,323.97788526189163,0
880.694072358213,490.16561126889655,0
118.79874883455001,690.9893509579026,0
176.4466429095433,185.66898503071067,0
366.15253755413164,231.33837070676202,0
892.9114355755572,435.1127666129301,0
220.93293317788763,834.0652076372514,0
273.82161428711424,356.51953595923834,0
686.2999883886129,437.9908207717439,0
333.99656176158,409.5638484661329,0
84.61030634297704,689.7762264038734,0
575.252239204881,501.7709071992732,0
602.0258204398109,499.3466514176273,0
449.42626180578327,638.58027878971,0
184.28587576534056,600.2256296603695,0
773.3845528997281,367.8987391323211,0
825.7879938917149,511.5364007717352,0
154.48351307395143,822.6162526849004,0
370.5522822779443,313.0774731281257,0
1016.5714426475619,389.50053381486435,0
138.4707345844929,665.501017644639,0
1017.9651313743691,426.6458658649995,0
76.20375992933819,771.0005262219904,0
1035.9976953431365,445.54743299845325,0
832.2360705903202,650.359277179773,0
781.4158427110224,590.1388891253795,0
295.60391800107413,870.3235764854077,0
608.2778111207065,484.8782045538976,0
252.012381963042,307.4104382213784,0
82.36792129685776,300.74820485864427,0
210.00310367233723,146.89010922709005,0
219.23031826232827,642.0295123295169,0
250.15756361914075,347.97143922843986,0
105.30228674239838,676.743953383367,0
937.2049840545618,513.0362735698376,0
59.28196928344526,212.05844727515304,0
1056.9795872735328,695.8781332999897,0
788.6098599537822,320.4014233314474,0
82.81609971551038,757.3726614841407,0
814.3760601045633,511.1709363731672,0
817.2319611171691,612.6822633738636,0
207.56838600335175,843.9440127172977,0
74.51045994160094,678.0608676320336,0
218.10937053084888,306.0414458442707,0
265.06831484441926,119.98573962205234,0
207.0234075960961,206.5126170736594,0
338.6422618498643,272.33696225486864,0
254.62985774987152,204.002463193136,0
231.84613696186435,162.94383683757297,0
203.2540555552048,194.2787477178722,0
1058.9583676420348,417.1929985564594,0
428.64910145960886,355.59338967391216,0
416.31266849659187,273.1594957251837,0
803.222959434928,330.74961352795555,0
325.63204138802877,168.70537596860217,0
390.9641065020768,357.5662806594431,0
740.0708834487715,531.1875228330184,0
108.02492853380285,144.17987375541787,0
417.7870510575795,333.11060392003657,0
337.6984945640089,723.4524012422054,0
203.26210433139,763.2987732717921,0
257.9383288055251,666.380990654173,0
864.345521738191,567.7745223626869,0
1075.0159869910153,505.60074628738107,0
253.24420082007788,797.1588621922509,0
189.79820474377172,513.093903117087,0
706.1251344331448,625.8822779372503,0
711.8236026272551,461.13626138226755,0
117.91719322479733,291.2545849916141,0
78.38743665113219,685.2475821637631,0
309.40299258121826,81.37132644922653,0
244.63157254565152,223.96352134066666,0
753.776291301425,347.4798078370553,0
185.6156131296955,805.2128601937508,0
252.78535975848447,270.3128814154255,0
150.8797336944103,174.02953195288018,0
839.1450996281474,544.6753526151685,0
218.12107989023676,180.87281803653664,0
1210.5967913025406,388.6078049723463,0
88.95585532691118,630.3500623093728,0
139.52121698289537,131.6278832657009,0
257.2805648474702,120.3055367815902,0
827.4791733003866,514.3341885554456,0
401.5194526594312,330.6371480158831,0
221.75020195375757,363.51037216029624,0
671.701356065732,452.8969865017538,0
886.6155550591784,532.900889139282,0
181.6498661884458,315.3792730883012,0
808.4160269005434,399.87945803862397,0
1037.0952326564409,439.21345340548146,0
995.9447754502567,394.7518526966788,0
311.02394800278756,297.77596065725254,0
167.50869304819182,719.9439056820997,0
911.5337094170291,377.9594258017433,0
411.1308693714085,296.88121664004365,0
271.3202368074383,131.71306441203527,0
918.7739687054926,529.4762927447364,0
1052.8834182017847,689.7923836699158,0
177.7630797525924,101.54322657524958,0
364.44638733082604,319.1601244095084,0
157.2117177570295,217.66534764542538,0
575.8665002036561,599.4955964654663,0
248.73060971602473,843.9618242889968,0
800.4908685966686,66.27923128873189,0
333.37186366578345,273.4783655211642,0
872.0006656952017,526.6025580462249,0
173.0499698638925,832.2060081627292,0
626.1224642266412,474.6257567977152,0
97.66281737755108,190.2877063753312,0
581.212222077036,538.1690011176271,0
819.2197730712415,283.85773716405316,0
516.6633390891355,592.4118490713762,0
365.81320717685855,334.5717381862421,0
189.50415616231217,166.89772368765298,0
748.4552004560618,379.52093987991447,0
409.0738391977042,234.716249273184,0
153.6322618889002,323.4853287690793,0
1006.29846916815,387.61148104736174,0
94.04927129230592,768.46912879569,0
334.0822170938927,224.26868827303548,0
169.69287024714686,789.9099975759517,0
125.41889981297305,347.949286488121,0
1049.0594084038923,342.4886279903509,0
885.8930534009959,544.3427200350484,0
821.5603537073155,559.2635257976119,0
1020.1735133402833,457.01026946926964,0
767.2434603286957,59.840282041614834,0
293.152902864197,276.14919214919485,0
404.67842688311185,250.8530268823116,0
435.6055758321147,257.8002898663962,0
301.64076831358915,323.4569616908827,0
870.4011599708815,480.5649811126881,0
1006.4866684165464,409.2743693514243,0
207.1680859112236,733.7494682311868,0
964.9587288796903,346.88583628480194,0
255.25107831994546,195.43585613056072,0
995.6459257511601,392.60683932134606,0
926.252947256772,596.9225912003351,0
1115.5332490861474,414.3761312777173,0
160.92656739875088,735.9193027313498,0
150.1534723928276,120.21819892363007,0
325.52771121851015,112.37464458776577,0
1074.6760587348176,532.2487984973953,0
405.96342818688873,314.4845947617609,0
82.97870033658897,151.1574678116397,0
715.1916755912395,639.6558842387903,0
118.967444146144,624.5675709386726,0
795.5381321718506,368.10317799911866,0
847.2956958194658,510.3265036944441,0
197.4528004604707,392.76416709823695,0
111.32599980152736,723.9501481970627,0
899.7936748250786,554.2396252741008,0
269.59639630619046,382.0214725200548,0
856.0848841415864,738.0167938224107,0
983.9556946953603,630.4013256708995,0
235.71890492338733,679.5109909738932,0
922.4675738389291,362.2241025305182,0
603.3320820476894,592.9772182246688,0
252.25679194643868,132.03840064227995,0
910.8053619127829,711.0189504026469,0
363.94434360212057,268.5799203063892,0
1240.3681386293636,630.8394217492983,0
183.95728150361901,180.09675925455377,0
849.4968935420142,388.7148241778872,0
158.68377682546796,613.3913742798347,0
144.62014887270516,212.46627015989847,0
175.30884555480083,121.6657299613438,0
139.9613320597827,691.9993046705874,0
827.1699703992559,532.5222777506598,0
889.5113066970297,314.22813703043244,0
394.6982790872146,355.2483805495618,0
470.1625880422762,224.81063609697685,0
841.6955095474831,456.97116415175407,0
379.3138039139074,332.6730247245727,0
301.3480058469425,144.1671716389589,0
376.02523951903555,362.3348817569457,0
1140.4266471629917,429.780847989081,0
976.3129270907714,373.17281481391234,0
236.35975568851816,377.46315005922736,0
927.230240364849,409.9391548287932,0
994.4352388714993,329.46295817379826,0
834.4862236495345,351.17876222539593,0
196.98520989551363,697.913625219233,0
422.5136465170208,306.64099992146924,0
1013.8551537268922,533.1412086041133,0
931.990719866893,384.3461727696797,0
317.4225533477936,248.77655406729411,0
832.0023076524739,87.72770243570592,0
311.8297473840204,813.6255225845084,0
1127.597016111842,448.0470996306914,0
154.280238896993,296.38427118174616,0
340.9932754022866,367.2419533376827,0
311.5104446767419,173.77399001049,0
951.8439210029344,523.5766973118036,0
986.4565704565741,406.3124475860654,0
804.4494413512199,492.6651755130551,0
764.9598815266952,90.82458466916239,0
877.4332090352066,324.7107875531829,0
361.33062864556933,320.7772206008396,0
1110.486917959438,324.35897097696704,0
177.27340832799024,150.0267580390292,0
856.9201020880373,515.3783667112268,0
112.46623567841881,715.3094612310722,0
994.3016505918353,311.5057196695848,0
400.3012171861066,330.7876798732521,0
239.93766978885148,749.9244153138,0
937.6551774586076,505.2364156626386,0
131.30077075531057,577.7517047188077,0
132.49638673502682,296.9257439970968,0
784.8144539913924,538.6140780784259,0
797.28711023642,389.6597192440055,0
604.0267416054145,602.590923130376,0
123.96173633664267,760.3384134129105,0
1149.189634386039,700.8249366093756,0
1026.4231829765681,703.6021335123655,0
219.55996882695533,268.6182886577924,0
1193.316273255657,389.2750370670165,0
996.4154579630783,438.15883160428575,0
779.7188431511784,384.90973992855277,0
295.8651048558389,350.8594304208377,0
382.5336900649051,265.9046487417005,0
805.8749927944998,456.7170051880997,0
813.9101255487207,475.7420390033277,0
1053.7519097613872,418.39071119720603,0
700.4681662569615,616.1869826399519,0
891.9170642240854,533.9775142634846,0
803.9255062833143,701.8824997421539,0
270.2726007378035,134.14407735698512,0
209.5052944128757,336.0892285626694,0
354.44361518867174,182.62205939056685,0
1011.8757707269145,706.509838437138,0
185.84730350452588,285.3554189756774,0
295.12249639676094,352.7866144929985,0
251.41223172195785,334.5286848985314,0
156.61348708036599,818.3347080942393,0
839.9872930583783,534.7700677231766,0
689.5183354569264,361.4653749789052,0
284.18505262245804,126.90464365323746,0
221.55440875589818,219.2995298308687,0
249.06351485677766,398.5924779838667,0
138.06879974026725,603.1248861030525,0
636.5650851790409,534.6487244743224,0
193.41118740791043,728.8234691914117,0
164.9686766698481,700.8968676167377,0
1113.194351953111,333.22523009232333,0
817.3447052073759,356.1080211068492,0
222.50152487720896,106.92945311624285,0
169.99764615870453,163.93946096671715,0
377.1031495477155,150.4505765716206,0
341.9138411596257,178.25635267969938,0
262.85668329528323,162.42563559624557,0
1147.8113888114958,527.1670911971552,0
151.33302695500566,742.4359247547072,0
1051.1513851237278,476.05982536684706,0
185.0904039852986,356.53076120993944,0
212.01231299663843,200.5673594975498,0
371.131583853852,310.48195704457726,0
215.40715322693632,203.06718948769986,0
826.6966213913709,351.93942119216365,0
403.88918743626266,198.80958940110077,0
303.133010571795,748.9599171935963,0
871.6367847346376,347.16056518208296,0
630.8943318182453,453.370258056819,0
946.9401023151581,420.9800158168554,0
847.2002183128692,496.1729594389574,0
83.24709543105158,775.7991865112591,0
456.7399205630813,50.74449577271886,0
991.669100524431,310.72346393382105,0
1000.7750455549024,378.3102987503168,0
199.845403801872,313.38413129911726,0
740.8616728525948,528.8866781601881,0
147.6255068537201,342.1591711216401,0
213.29609870057806,867.2858901484849,0
655.654340569516,539.2140624236812,0
848.0827401899111,391.83968435830184,0
716.5261629086484,398.46509002306544,0
266.65007783729516,309.902644829245,0
313.2476337257664,710.7221676362504,0
182.73643799655724,840.4850842836468,0
291.50955246311213,821.226734393405,0
1018.8187599027881,646.2726189208475,0
233.05022832655567,850.496342740968,0
1090.0718371599983,501.7528059205715,0
176.31976306207736,356.8849834549244,0
952.7688423606741,359.19481517950067,0
1007.6325178277523,581.112674544345,0
951.0182671088716,341.3888712343703,0
632.7854142321038,568.7953364512947,0
324.50689149376194,320.04645712886384,0
345.73010940606196,156.8038972885948,0
222.45918768977688,783.983061321861,0
1014.2718068907872,383.63639741115367,0
351.276848839675,242.57870585176548,0
181.44499577965684,738.8293308693984,0
348.4464641936416,352.52163770971265,0
420.54273982214613,322.8199060990176,0
1064.8065606052703,675.9182109026341,0
995.9453055327987,389.1608187394457,0
1252.5913437078157,474.0713534743349,0
309.09539910333746,275.35906578356963,0
67.45010550793535,271.395543020322,0
693.4847693837847,521.4571999554843,0
320.71072841311417,378.2521821335763,0
199.84671515433914,670.8229956400957,0
224.459729751313,863.2566637838454,0
315.4990375322909,136.5466187949091,0
925.3205525333244,413.90514818121585,0
67.62032628263924,667.971926011313,0
1288.413638626221,629.2804385169687,0
1140.6077104354415,595.3356074717863,0
578.6506114953174,503.21122505751754,0
802.9035271726498,513.0181979153355,0
372.32960155233604,245.5107811460064,0
364.9895374020568,411.76158093400016,0
279.23726292632637,294.88082447548516,0
153.4510229314983,326.93667421770664,0
803.0686323276449,480.993432658874,0
1197.8725503855735,559.3470645420477,0
160.2733060538182,615.098439422036,0
152.74572533784936,599.6911972058008,0
172.5652494783282,737.7919322642705,0
679.0812787488778,445.7164053476863,0
288.49396735299484,401.0524431175045,0
206.320352750147,839.7948182364578,0
127.13740159508956,205.94845908947295,0
637.0803470148871,449.9497859635753,0
182.48082972700792,814.6070127650536,0
69.53848698751932,135.61057440315875,0
269.26321250085243,272.5454222256569,0
978.9454725777341,463.71462131355145,0
63.15628688886321,643.7200263986074,0
397.202132779142,328.7766374289439,0
707.5292221799339,375.09065105025695,0
809.1043119104091,40.96926170339974,0
203.77665802849228,129.99162624759032,0
333.6044562443877,158.64560321934292,0
935.7366979885587,330.32063062162825,0
813.8092057955021,501.0539272622352,0
169.11714996340083,351.86539880156994,0
809.2013186643671,91.10410432560525,0
124.44008926181434,160.0159868710991,0
117.16574744465312,743.2063247052815,0
343.93212790817597,195.21610784024355,0
687.7137411991978,423.584934586691,0
758.4590428519712,336.1915363356815,0
334.63668165724533,156.32149503301252,0
156.19583132835146,213.13933859962495,0
1152.5009256915866,466.6744660833346,0
333.1450313696611,157.0270288023656,0
974.9049684906989,671.2358323814138,0
393.8842501077959,704.5947215401444,0
177.59321776067583,183.39534151291994,0
70.20318031488166,232.06457998920348,0
214.27387923585397,133.77947143259738,0
302.0585214206605,173.5800475066586,0
1014.0392901747762,342.3678278592949,0
923.9144073700533,520.9781149368563,0
130.12719771617483,211.16370812508458,0
222.88626497452918,155.6762969447423,0
399.2758761506442,367.71863996369893,0
929.4172656826471,353.8958331024442,0
174.8225502661656,161.4577194889203,0
236.6649951928423,324.57946502494855,0
322.0573730976127,268.7898279218702,0
119.7190153866355,791.1601529944256,0
96.33708701194587,247.69113692227825,0
107.55101221088638,270.6698132940041,0
636.5597140876283,575.121684397096,0
891.21758458866,622.9847643294536,0
189.98644633301097,145.36945776481792,0
339.7330534055502,260.9623396859281,0
356.37760689012873,298.4105922551733,0
226.2512458452564,696.4522792543987,0
145.5561083992396,188.3194419573154,0
407.640895753929,59.10650270768014,0
886.0750235084209,489.81061144896336,0
890.173923611975,416.9486654082544,0
144.195002064232,255.12389826940256,0
1109.095750636514,337.82399356735397,0
623.0268526712496,466.14769304090333,0
663.3200938907597,581.0801239133564,0
677.6669004910495,437.14844857290325,0
870.4914786607164,623.737504092525,0
1022.4267932048723,385.946522197581,0
204.70473961951149,275.5564864435806,0
1301.888982650828,422.8093455378576,0
188.3605703275028,185.79846096357915,0
865.5433216823043,485.00131302764964,0
139.77083820066343,266.5667357812654,0
206.420190744965,859.045003551369,0
250.38854632954204,868.0823574131498,0
897.6889590535934,407.8775186375982,0
323.0652610787686,176.71807907612387,0
387.7529076856143,270.48968735131336,0
1073.4780314811374,468.65260885877956,0
801.4412430526179,692.415932165534,0
175.72293989820443,105.11567341875896,0
171.66229799217817,331.2095601851825,0
790.6814628771197,364.7121579785501,0
654.3040909984474,561.0914106941483,0
164.49540709761214,702.817263735503,0
274.9576288330998,125.96504659620288,0
176.28883311081375,612.6053447725947,0
839.1501469106325,498.3037710903958,0
1059.1906886519994,373.29771525254705,0
289.24721786007217,87.91215133168969,0
446.08990979031427,317.80859470247367,0
78.43456048543166,636.8385890033197,0
193.25484785792702,496.3468795972442,0
911.6212384473083,379.4582224771336,0
919.8580915503644,360.6447490617264,0
136.34280676875738,719.1603247220903,0
148.42361754578673,677.4247192746479,0
75.80588893823352,169.25595277498806,0
147.4503271997311,112.60720741880917,0
1009.5569300054507,370.018400774305,0
414.71315002936313,324.68709894749765,0
984.995320157209,350.8587035946111,0
1088.341609024281,573.6242371634477,0
655.1022170928557,583.0085686472048,0
191.80098437215818,170.0289721924279,0
572.2850805676808,553.5756245409775,0
875.973124552185,340.0873874074331,0
388.4728586606525,316.3483046668844,0
341.3766612664294,188.4189382878906,0
963.6345660237062,562.4824113632368,0
224.87998270923075,309.74037088031093,0
718.9048394938638,506.60627472001613,0
389.9842772226338,331.6184549882828,0
365.16801215948703,296.90803577258987,0
846.3716890403175,369.21443607826495,0
97.8388855716876,246.40272980925658,0
164.98639737080939,679.3447157556877,0
838.4817900073475,351.93464393756346,0
120.82865652431936,603.2784995943543,0
807.8476711974304,707.5289534898478,0
832.863268077978,450.0986064415676,0
288.4828472893165,399.7026397570556,0
774.4722905709908,454.5502840900139,0
381.22814791941505,364.59767974464705,0
808.2310761073741,506.9471919242052,0
604.0122799574075,559.5792941455423,0
121.11166972815619,308.78501372360364,0
813.0672871222231,506.5431568650082,0
724.7840861973347,657.4414623129614,0
455.710427044965,213.30615387410234,0
723.2582993404382,540.3205007493113,0
954.9520198957621,348.3502650323388,0
861.2984133730263,575.1083606769885,0
188.46898353275358,528.0801852228925,0
270.3791221117925,283.19967011184707,0
388.9437162524941,214.78569518162487,0
233.52280514346245,891.5328381497795,0
87.34532290276155,279.22619138085633,0
211.05588818569225,609.5609780969401,0
1192.0159595862306,63.8959626363376,0
1124.4488625186682,302.4007866607293,0
373.4953100864972,266.49395222430627,0
891.377159417534,560.1823783684836,0
212.61565393281782,229.45325347091156,0
793.8935475717495,362.6572412275665,0
410.77261516213514,318.6520168196907,0
395.7693240887895,262.1961596996206,0
259.5878022783432,381.508709781837,0
1083.660341154493,355.31202887233957,0
574.4114446117028,328.47132400420617,0
234.9757439624134,187.0128514014572,0
249.89250250310334,678.0248272213039,0
1025.2169578933967,719.5717613996757,0
960.1660678177866,735.7282430215339,0
956.6645354030287,380.8455468232491,0
314.2852513232223,714.7427692736607,0
142.18359843974156,699.7344179787541,0
987.5396815226139,415.615040921047,0
394.17752773099954,367.0422677233325,0
694.0779257728204,362.58482219790517,0
253.8835373146506,341.00703711019133,0
220.84026213980403,675.7244769200752,0
156.60625965617433,723.2571320798608,0
196.83508936859712,110.7645625127262,0
726.8344389894742,322.45835454717934,0
1042.6302217220323,724.3327876676174,0
877.6025452284546,504.78401006195367,0
149.122398834588,173.74600673255193,0
174.53824884040142,732.0566747914696,0
1032.7817142524814,464.56572366498443,0
145.96427219970207,375.1148307851277,0
257.69236632123733,343.6190760022071,0
1000.4808947074646,387.55536466367397,0
250.37777357856427,107.59603438579558,0
335.3122257051242,305.8296325546572,0
928.0964248528695,568.5609519893816,0
114.31320897421577,131.52183535394795,0
263.0926753732517,353.57232221883766,0
198.61187862156777,841.1424369241247,0
276.27155670321935,333.9453086334416,0
350.79932631551117,340.60178127027,0
613.4523408545163,492.0761338706671,0
567.3900903540755,559.8154892311638,0
618.9477971118195,448.62031783072894,0
1084.8109860158288,485.14340635137427,0
872.9969448874361,406.1018105654166,0
429.66020812277026,64.07235275490115,0
837.790431675313,479.02993309872943,0
207.59617069602209,150.70698112276287,0
127.74940216134819,772.6501550707411,0
325.421155830856,386.66734623909906,0
252.94651674945214,141.3044207426309,0
252.1256353148892,856.2058135039406,0
793.1176701257559,410.36239207465627,0
183.41860090475456,138.22576317653403,0
258.0932927750465,101.37045795744491,0
222.6644268539804,169.54121559736876,0
781.9385195845498,363.6600036730023,0
846.3869714215781,464.19933134500343,0
407.133300730681,324.28509698715897,0
254.93448187587381,338.89437223905645,0
412.4844666249352,315.54750937692705,0
895.024679384143,378.503675341121,0
1034.2050908186068,340.76969271301215,0
624.8252893683119,341.8980593633894,0
805.5916736589623,342.934245120293,0
293.7085468288816,294.3742599998179,0
747.1439401343091,349.1424579401178,0
261.7974368448233,326.3350040570387,0
1232.160946134118,863.30137771919,0
187.7622035393041,173.99721483240194,0
174.72397196526356,146.53512220735644,0
221.86209258345772,697.4958655506528,0
1014.910753021306,466.0871111129332,0
171.03975453683435,334.46275438470906,0
1024.67393428721,432.00147439485255,0
172.17111666548837,139.9326021631063,0
236.78460917550925,826.5880729062685,0
373.1736530526099,332.03089862958427,0
125.52999599662594,596.1014460793126,0
304.2518720357099,384.470616079471,0
137.50247893228948,319.83451829053246,0
266.83526216813937,357.41083627408307,0
288.96348359562484,398.4714048712009,0
999.4449593486826,370.3959706640144,0
192.88228302487624,197.61005449844993,0
1017.0477425146817,429.4185937055857,0
967.7326769856755,279.95135473626334,0
65.19465341671182,714.1179972979966,0
770.0410835306046,360.2074497958901,0
219.34746585422613,841.4179971098125,0
287.9465348803249,199.33060135099515,0
945.208503875082,559.1508608166346,0
243.2122249999416,217.10642074552487,0
144.21773265187747,170.14874152312478,0
122.65128032847824,321.37646130034955,0
375.4206099148278,154.04089255729443,0
190.6167211617373,727.5586909024887,0
177.05064588475273,173.38881116011854,0
244.13926979388202,407.5381704452783,0
620.6342756025275,562.5422554995823,0
281.1593255349851,699.0217720559094,0
1013.5710097686223,363.4117729738923,0
804.6527182978925,405.5703819619977,0
432.5884270729537,376.58882535747034,0
202.21300878405097,123.55232998191156,0
174.2878909568492,344.23946973647566,0
204.27146638039073,166.19911948513368,0
836.8594612117488,289.84443227285743,0
941.4719322306057,579.2119759510969,0
1010.1033870083303,356.3067030658901,0
276.0032555503941,260.8201375234058,0
209.17339405994886,264.2720970793446,0
401.76913570050345,201.33458911289148,0
186.3870361610161,276.01268543421025,0
378.79627691059886,326.9599933167414,0
878.925602575383,312.5838283042294,0
1030.338352014506,457.72124842113953,0
1037.820151875791,703.2646843648205,0
155.4036217522376,648.6976175333629,0
220.917740966207,682.7075709629535,0
780.3520994474858,454.4674933085515,0
870.1581197273679,364.95014891187554,0
87.67991606532124,226.52762559935405,0
190.00071560651995,317.414266131888,0
656.9136513427045,536.3948797056942,0
790.5657199248907,346.1577547422344,0
315.61700875458644,139.69133486151574,0
813.1935107933097,368.2235047890897,0
96.59925860281818,179.90651103369512,0
230.44705265525718,884.6423037142158,0
985.6214665746385,401.97429124968477,0
305.1542007997207,362.6278820489329,0
129.37803332491222,193.52840830789793,0
1010.2758055901517,320.263704081473,0
233.3638188381995,696.9491703649198,0
873.4314362511759,504.5999958399945,0
142.39286985753876,98.04353198736938,0
898.9102504257962,668.4125777667708,0
625.0918329352123,489.6160806449048,0
892.9018474441987,375.84643268214984,0
1070.6435188360733,470.3067934996479,0
234.59554020703612,375.03758012623075,0
374.2025932022567,159.17883453303432,0
89.88893601852503,142.63502936059604,0
899.6868960797159,484.4004544700066,0
947.3256791846167,412.0056003590077,0
907.5453390294808,283.48077777868474,0
1161.1315146890809,553.622849533565,0
1119.6962996831592,405.03531814391596,0
225.7558209358057,392.28868722571286,0
833.237080234554,615.1934186038076,0
418.23103131134286,28.17437862614997,0
114.80084373387055,774.5664465584613,0
1151.6967972723326,497.6299726285851,0
1131.9709139065217,452.30405409969217,0
617.4996626295032,495.4853275259395,0
362.39002634582295,269.6070605884022,0
379.5569952844241,319.8293451045422,0
933.7347906707599,399.0339518627027,0
1119.1601878570382,444.9837124357183,0
170.97848520098904,324.67405602501003,0
1101.140825845685,425.04054918081766,0
161.84572402526425,678.1456122849651,0
1177.6254719788674,572.4627079280992,0
856.7426500445118,390.9603798979656,0
150.44998802335218,310.9269830190379,0
1214.9328912663289,356.0528798844663,0
169.56097931267433,680.6992285046656,0
669.1715022631276,426.22581072711046,0
340.9248286058796,236.17531827948352,0
158.8694555624927,310.63383167310417,0
384.2802273495027,285.2592296223953,0
163.17062485607295,271.45602631386197,0
143.55141388381733,692.2246915496928,0
161.16816465189058,241.36043895693217,0
288.3557328054771,131.3812638846903,0
325.685118997034,148.3558731698342,0
359.16039926242655,232.87451851404523,0
201.50021609785335,808.1261764106158,0
751.3289462142429,349.4758239962822,0
335.51677596976236,236.30283440183325,0
416.71900107422266,356.92921481214603,0
309.53992647980436,289.90119607029624,0
129.24568916047534,799.4102622212682,0
177.57947147463565,689.9840919315164,0
354.3543226681936,215.5699908919481,0
111.20872883038372,645.2562930734211,0
119.1609184140824,645.9902703852001,0
254.04538203223416,160.13679319991186,0
756.3644568576052,357.82021966440095,0
227.825939366104,174.42306741552744,0
797.5954171787149,317.6969410451369,0
1022.7795990286403,434.23804501020834,0
208.13560173652695,136.39149155625003,0
338.88832669305714,296.6872421989125,0
1170.103550968852,476.5757628691645,0
783.6978606636842,539.8510606994054,0
286.8727796212006,375.5464830129815,0
590.8828449797478,623.8270824202012,0
521.9785602701736,593.4882644458095,0
138.08494409617532,120.23064121515709,0
1009.3755773730234,409.41609202202915,0
160.10307045598432,282.232417040703,0
794.2503800682839,343.3015240310716,0
802.6421991671617,363.13172250944433,0
214.78719669011497,160.15412716170766,0
1200.2511102275794,422.6476319518407,0
1014.9180658391738,677.4565088309755,0
1075.1859259043185,458.07217392489616,0
664.9192183361833,604.043922590771,0
359.5373209448022,273.65046239592584,0
1072.5259755288478,514.8560109931045,0
830.7393080358453,31.28845641174327,0
261.60139628246856,292.88912447950815,0
466.7608576373954,56.0222996349511,0
1121.8660560325143,429.9910318054562,0
226.74776484166995,821.4230891423828,0
386.7055091952418,319.67688970443197,0
397.0590146309406,203.98594040798426,0
1040.3078848632013,535.6700860560821,0
306.901533763612,715.1708449502604,0
150.57271710399647,641.2562892862857,0
788.8761608052258,468.4275363577506,0
190.25180813781554,611.0087439130833,0
880.0710895856215,476.1539550034984,0
776.9219435556449,520.4249700871345,0
370.4902587914926,243.8629817649316,0
547.5501303059333,486.20224251936924,0
110.33674776463062,198.89836766364454,0
531.6286690840465,616.2321616245931,0
119.72594681104808,211.06487130354577,0
268.15845559240967,379.20535233554415,0
1162.513859873082,554.8105503863311,0
388.7773864708151,227.5423015520128,0
1082.0330872423563,495.2646210737315,0
183.08059901587808,192.4346801671702,0
244.30869445889834,182.76909573768765,0
674.2498801784526,401.04219870582904,0
346.2035700611121,172.17264154371924,0
190.83137694425338,710.16088571102,0
971.7564633849452,532.5873253408216,0
323.18991840283235,846.5730507935854,0
214.88013591078732,185.82610872554207,0
91.1097175746659,602.7632606705928,0
722.9743851792231,536.5321846757167,0
1018.966967581642,677.7268877145004,0
1084.765632051583,573.4544714239138,0
183.72841246504612,821.2835830637392,0
526.3066939339451,637.6402765386241,0
720.8188728480281,727.3721235934906,0
199.23506277637725,199.53336937903106,0
998.5181819985651,432.6921579891024,0
409.18808760730525,213.73396925661177,0
843.7682910811754,517.8167261040734,0
671.7219461091225,614.8884832139211,0
298.55393218538245,151.93661633580314,0
347.5261684989986,175.98324617651193,0
210.79141662099602,490.82862441113485,0
909.6267547011731,267.044933441967,0
775.6984853477757,516.3966354971301,0
317.87104118428147,169.7162520260218,0
124.94061483145524,270.9540978969771,0
317.45129516882935,379.2732547768842,0
799.5436167572686,368.1215982604764,0
109.10713105059358,147.4291329246048,0
955.5780288514622,481.0534906890912,0
222.37156266918282,186.49037654137345,0
173.59165177994674,724.6327431732752,0
187.17115145989436,705.7239070045281,0
100.10327833650928,305.3927280058393,0
326.7776124378515,383.54887941735007,0
1001.1647743275489,425.0614895269062,0
415.5565970898782,320.7203121605247,0
980.7794109923557,410.0226658179597,0
873.5305249696144,265.371048289205,0
306.44131495451535,263.67753029328344,0
224.0627054271925,448.9433244924545,0
973.7111990157347,373.4944680161837,0
639.0740280761884,481.89486175346894,0
1016.4581989030544,422.9002379837208,0
107.41041102007296,748.1816034744905,0
473.25474458043317,264.0712811014205,0
1039.1454590446203,473.90688213981053,0
894.5709566269886,355.5015674450682,0
188.52330918058232,779.2852715508731,0
182.32924778201593,249.07956920026936,0
882.3005920086183,603.3268032118447,0
973.3301541237776,376.2346547262481,0
804.9290354022403,482.62510890113424,0
793.6102879509049,491.3705071873993,0
166.02802868061158,184.35903944604894,0
157.17921409969566,682.0057569044327,0
240.6227326312529,814.6237194084457,0
204.6667414722172,125.32555156353234,0
169.11751321405313,296.7251910079354,0
842.3948216202741,510.11177531464824,0
269.1971413429733,175.80581994456767,0
678.6757412673893,318.9891261151315,0
1121.3506335274458,395.3807082924403,0
196.21590708574848,652.8257819868422,0
613.9719458177024,447.57202561522246,0
930.2754728945995,388.35129116236044,0
66.04611677357222,690.7887029679739,0
171.74493861496256,708.3381040280196,0
111.65877333326098,293.05477498133814,0
203.55619560081556,138.4286873052976,0
360.8895137031598,659.5096837224389,0
781.2298271920288,365.83688056130967,0
145.40027804124443,680.5094478641892,0
223.6100289876826,793.3115525650596,0
117.56964370768262,204.65816010247244,0
272.6753661966917,677.389047740593,0
642.6978735476875,561.6756465678214,0
913.6364918249892,344.2336181188558,0
136.70470246975805,168.1962028324367,0
834.2412323829436,450.23309845467617,0
212.7431263509278,345.2195451934474,0
138.25309151807616,709.0261980284296,0
961.7093687384734,379.86754408366266,0
306.66767130774423,274.536553336489,0
197.06074764857357,819.7292229553005,0
854.7275391603737,535.5757430168317,0
226.9246839498396,299.32219595227696,0
906.0359852092444,500.9793500774512,0
633.6149231717122,505.08886630628285,0
1034.682794753946,721.625329122289,0
766.0777458928062,50.62636414065585,0
363.34987918225477,167.84557607723355,0
701.4772102313866,522.7125115814436,0
209.04835979011182,718.9456488628637,0
1042.2757848728097,400.3078202925763,0
158.19402682892954,142.19976277529324,0
238.91490100145396,201.6498895316181,0
95.39227501768406,217.81216256880404,0
914.1109971529875,499.41585881825415,0
163.98484885028552,371.63764520925196,0
153.7013782205028,302.72467990597073,0
425.918228481811,230.96890889747618,0
196.3317302836266,291.4748423711174,0
391.4192857304949,226.89713071276975,0
870.0715494510755,360.05514329618524,0
415.16049852358935,329.83347175800446,0
633.9811705293831,354.30456200958133,0
672.3234952553952,539.5425282570309,0
889.1184464729827,388.8106909078026,0
152.51772310890908,284.7873843828789,0
353.0530284383865,253.09365450802278,0
932.3322733059116,507.715114918006,0
126.57967057269772,165.1231713675661,0
241.86672454804994,736.2880250467339,0
570.4996156031838,351.6064227533661,0
132.17512651971165,186.2407062303131,0
1253.5615739194934,439.59582291627976,0
359.60011606286605,317.79798157943884,0
1134.5402126473095,691.8183512877084,0
664.832697561371,463.694206262377,0
149.14232425460796,226.09421326196872,0
351.9056534974619,366.85617049560375,0
720.1695820790333,387.4240082613838,0
378.97546104747533,317.0257478012792,0
889.7517993303309,539.6869858490605,0
802.4506029578598,339.6217765770955,0
336.5117378634922,243.0854457503654,0
391.639073022433,256.2284767205558,0
327.11103077041423,259.63264008796665,0
126.8513645304995,340.0035338484499,0
371.3799978916414,328.36383539125524,0
158.96251956974712,137.82652931141206,0
188.2429427764481,315.44622796281567,0
79.95767268660009,675.5072130725289,0
739.9957420689951,352.05498920338573,0
861.7493617759521,472.80775498542914,0
409.50556223605446,14.062889640026523,0
790.5076147625106,557.5195752322938,0
936.4307516966848,398.20456148013744,0
182.4391119263226,155.15729356135057,0
869.3831042232307,512.9598489385728,0
786.5692492502694,362.403519264168,0
188.19025679894537,337.93140545583185,0
826.6781525796314,321.42221292463887,0
217.6717413725801,187.36356113097327,0
803.9437848179966,341.34805861791983,0
584.6882225524346,548.0835404305506,0
1084.075975380443,456.37486436323803,0
714.6054874523724,671.5405795678344,0
220.13509242948695,223.21683454981812,0
284.38041871759356,406.7553793486685,0
299.8723793733381,743.875188595772,0
1124.152705381957,457.8020800770148,0
1177.5361369336927,544.089578546815,0
271.61674644517336,84.4834750736512,0
940.3713321977339,690.6486329379015,0
1244.3764629875175,597.5535619013234,0
167.01817019048352,838.4759227012956,0
791.8063040425138,517.8217554251723,0
388.8434693120353,384.9449746876602,0
1153.2176231501776,484.9016281649502,0
852.3829757464615,528.0113558487195,0
830.4779970826565,327.833042991228,0
132.35654164877405,593.3030799957994,0
1067.0712204769336,731.7711894067121,0
270.8790345452034,378.73622291901694,0
469.0759362927779,669.5912251809501,0
879.0968861515572,484.5807649094137,0
353.3538608442283,174.17977366880072,0
88.17035351858794,703.1378742326453,0
107.50261465027475,131.09039376097232,0
927.8969861871547,483.6668365420052,0
1069.9760160126634,365.906263665767,0
743.1117694697166,528.2068951056262,0
374.68146093920996,255.62427441783234,0
138.28200357454168,231.3300314745239,0
333.49738876670773,198.17219854936738,0
883.6461603967912,449.5657547923621,0
138.45315056733224,264.0997530575153,0
148.93425301117662,624.7920831306072,0
818.6508703018205,279.6944119323592,0
1289.7743854335472,605.2107898239394,0
821.575491358221,305.2268305012732,0
229.03270607804063,219.76501350833738,0
579.3720747504279,345.44052442090447,0
298.91835008035775,289.479621237656,0
800.0091044612469,287.3010901662219,0
432.8711201718823,314.896190627581,0
395.6542742414761,210.2195387568799,0
41.57895274433787,161.267080433082,0
745.5642711488128,403.89211087257354,0
895.030996434905,571.2901793004528,0
718.4994996459842,322.36590374908474,0
335.4834210130586,380.3316568161489,0
921.2602532144575,387.363853845806,0
928.0849787253355,581.6514037308976,0
465.91300079440543,23.546452042406138,0
418.5812558935171,373.9017010465683,0
346.4520692643312,283.8691582890972,0
876.9122697485833,635.5245590470493,0
1033.9684662804043,580.8825289279459,0
687.590832367005,412.61727202052913,0
672.2440590840253,453.11284283548366,0
990.466462315108,538.8765571206985,0
668.883018597615,488.15678133478525,0
197.37314403017515,794.2085890383779,0
991.0461655026756,310.5141358786907,0
180.23349949441217,788.8122124408036,0
1034.6565565580484,683.2446553332227,0
856.4508199750916,329.709508847047,0
229.68995311969422,222.28473560653183,0
320.04051258756454,155.51169412890314,0
1188.4715502122544,450.65039348486,0
429.98415427934106,278.7053792704861,0
974.6696800925413,361.23672264863796,0
942.3279927843845,379.62569133621287,0
166.22678042051677,257.4941493749416,0
184.30306092242174,382.01376411690757,0
251.00331016025933,834.4276233683828,0
1127.5554366117715,355.523087657418,0
105.33930486637755,657.4978257563625,0
227.31156699265017,350.45941062791235,0
128.96306773851302,610.3800592926913,0
785.1858828529693,32.948972981381566,0
318.44037079248983,259.4177057072933,0
121.54534946772986,661.1595809207363,0
613.7004978736747,584.6638584279897,0
408.87075233736545,326.14912035388676,0
1009.6064180207652,329.8318057419191,0
229.87680006012607,217.0763966153132,0
179.465010336959,246.33826340362134,0
282.62101741582865,827.5600192153576,0
166.86474983611225,171.22477593835856,0
61.73551315194259,747.3261822716651,0
1057.9121980230457,376.64480286704895,0
934.091220024383,568.3373797093983,0
299.8600826186698,783.2601958615073,0
673.2454640605433,466.59897992969496,0
216.45654908597047,169.81919161994563,0
153.61201736971188,161.69957540476565,0
148.20199834223047,832.6454550481118,0
282.04652815726183,767.7130528769728,0
200.9156374181582,172.55623600425875,0
250.76487813278692,187.42356677207624,0
367.43598028269827,285.2802387736536,0
1011.3895516284795,524.8957111405133,0
787.3060681173542,607.9602920473451,0
313.1586951351884,193.59490467653617,0
105.57104882286693,198.5481583180292,0
266.89838037317827,329.85394272278324,0
1145.8582771820602,701.1131911116993,0
168.52558782159286,629.5832265165907,0
78.68273990473112,292.8866415017711,0
346.9067221702742,215.4335300108171,0
1057.2968291132906,455.82463360843536,0
886.5253751651634,324.8693584220774,0
615.9753331425258,539.1095963550623,0
996.259323872167,731.572972761564,0
651.5806860710074,570.2482173047811,0
135.50113267581344,613.8692137448788,0
932.5247572193176,413.2069595295108,0
95.06161258216562,194.753919292189,0
103.63066665645715,642.0076246571844,0
1040.5345072517243,470.2978883082152,0
181.6026890368255,596.9609531442634,0
141.27089520508926,702.9271471566875,0
640.2202108512791,631.7338149573283,0
135.23499648358433,282.4822878766212,0
268.9288342064474,97.01128966615896,0
151.34578540954516,705.3100359208819,0
771.4017746835545,393.98209751516396,0
916.2368434714639,531.1831153706856,0
350.30503444775934,332.9824832675057,0
805.7339437262166,358.1798003482353,0
277.4557904831549,291.6024493408186,0
799.0090943267043,493.5311887394495,0
200.7310670779169,390.01918811734095,0
1015.7691322440837,612.7594441868026,0
255.80268708778226,178.28101504997116,0
416.9313338645854,271.45673938916394,0
92.64640745433965,697.3998456307454,0
787.806840327191,363.69279099952996,0
381.4876930822493,219.39140285351635,0
765.5569207626871,348.57516729933275,0
1033.9443547497663,575.5312283574001,0
444.02293126525444,43.97237233215749,0
379.9338988144773,170.24091635796,0
1070.0612612688305,619.0621898087586,0
1242.0918900031986,596.5570138020365,0
1223.3955244249732,642.7171436242455,0
950.7295804676994,517.3315550704391,0
827.8366918000261,43.21431978049191,0
254.01682459142535,142.69063524594907,0
218.09104383934755,166.13327139507538,0
719.0365386636007,548.6003565185107,0
170.00834597670652,721.3208295404372,0
206.51679704140435,192.88691937629608,0
140.10931073897217,719.8341219607337,0
250.34474389817504,353.9394080658403,0
916.7929193923846,440.26041566287523,0
250.15573033072695,287.06520833088484,0
376.55593971498666,261.9634523271777,0
908.9446694816701,389.50150354234364,0
